city,period,units_total_absorption,fitted_units
Bengaluru,Q1-2008,9529.0,
Bengaluru,Q2-2008,8542.0,
Bengaluru,Q3-2008,6292.0,
Bengaluru,Q4-2008,3419.0,
Bengaluru,Q1-2009,4749.0,4891.695705356058
Bengaluru,Q2-2009,4508.0,4542.222951679428
Bengaluru,Q3-2009,5456.0,4901.632012510354
Bengaluru,Q4-2009,6303.0,5664.917825201786
Bengaluru,Q1-2010,6503.0,6903.535717235546
Bengaluru,Q2-2010,6098.0,6413.40102195146
Bengaluru,Q3-2010,7064.0,6653.7472331932895
Bengaluru,Q4-2010,9176.0,8555.662029059209
Bengaluru,Q1-2011,10203.0,9124.229636262638
Bengaluru,Q2-2011,9305.0,9240.978018403635
Bengaluru,Q3-2011,11101.0,10674.715478900433
Bengaluru,Q4-2011,10842.0,10950.659613203441
Bengaluru,Q1-2012,11271.0,11112.866297398117
Bengaluru,Q2-2012,11719.0,11829.004179476524
Bengaluru,Q3-2012,12542.0,12721.360935200462
Bengaluru,Q4-2012,14359.0,14272.359893905346
Bengaluru,Q1-2013,16235.0,15204.4356660212
Bengaluru,Q2-2013,14731.0,15198.710322870793
Bengaluru,Q3-2013,13373.0,13616.749427988974
Bengaluru,Q4-2013,14532.0,14484.163056128917
Bengaluru,Q1-2014,15578.0,14346.09685509014
Bengaluru,Q2-2014,15007.0,14794.75929239026
Bengaluru,Q3-2014,15294.0,15221.85490413021
Bengaluru,Q4-2014,14352.0,14535.16241176136
Bengaluru,Q1-2015,14797.0,14593.343148767577
Bengaluru,Q2-2015,13098.0,13498.034614287908
Bengaluru,Q3-2015,12603.0,12330.245174281477
Bengaluru,Q4-2015,12320.0,12157.608812424469
Bengaluru,Q1-2016,12623.0,12447.817968316223
Bengaluru,Q2-2016,11757.0,12070.418251161725
Bengaluru,Q3-2016,10813.0,11603.896466079104
Bengaluru,Q4-2016,8045.0,8319.04228848188
Bengaluru,Q1-2017,8303.0,8462.449829249348
Bengaluru,Q2-2017,9212.0,9150.451958288155
Bengaluru,Q3-2017,9232.0,9195.767463742513
Bengaluru,Q4-2017,9120.0,9536.258690587165
Bengaluru,Q1-2018,11129.0,11504.197161243339
Bengaluru,Q2-2018,10050.0,9952.549558543358
Bengaluru,Q3-2018,11097.0,10870.468794716311
Bengaluru,Q4-2018,12252.0,12216.63760564592
Bengaluru,Q1-2019,12687.0,12680.872424293817
Bengaluru,Q2-2019,10980.0,11299.748026798146
Bengaluru,Q3-2019,10756.0,10516.491816872967
Bengaluru,Q4-2019,11261.0,10848.14561977695
Bengaluru,Q1-2020,10724.0,10659.789236729976
Bengaluru,Q2-2020,4331.0,4453.411475501434
Bengaluru,Q3-2020,8265.0,7909.440456312268
Bengaluru,Q4-2020,11369.0,11491.921565178385
Bengaluru,Q1-2021,11523.0,11107.533101937659
Bengaluru,Q2-2021,6592.0,7636.405280536287
Bengaluru,Q3-2021,10544.0,10451.406831744987
Bengaluru,Q4-2021,14627.0,13933.22888412426
Bengaluru,Q1-2022,14457.0,14508.698128973287
Bengaluru,Q2-2022,13649.0,13664.07894086041
Bengaluru,Q3-2022,15957.0,15826.229230860901
Bengaluru,Q4-2022,16365.0,16190.25024983068
Bengaluru,Q1-2023,16491.0,16748.79729738641
Bengaluru,Q2-2023,15043.0,16207.325386913622
Bengaluru,Q3-2023,17688.0,17197.46902225853
Bengaluru,Q4-2023,17112.0,17983.71137066129
Bengaluru,Q1-2024,16685.0,16602.032062324917
Bengaluru,Q2-2024,15569.0,16082.254624591389
Bengaluru,Q3-2024,14013.0,13827.46697813088
Bengaluru,Q4-2024,16670.0,15706.871097257452
Bengaluru,Q1-2025,17357.0,16862.984288397445
Bengaluru,Q2-2025,15506.0,15299.46300693241
Bengaluru,Q3-2025,17588.0,17178.28048625595
Bengaluru,Q4-2025,15296.0,15835.982866723622
Chennai,Q1-2008,4087.0,
Chennai,Q2-2008,3624.0,
Chennai,Q3-2008,2816.0,
Chennai,Q4-2008,2048.0,
Chennai,Q1-2009,3107.0,3219.882547130084
Chennai,Q2-2009,3170.0,3405.4385823125936
Chennai,Q3-2009,3371.0,3458.9339071366517
Chennai,Q4-2009,3711.0,3806.3355298386737
Chennai,Q1-2010,4108.0,4086.934053949373
Chennai,Q2-2010,4356.0,4130.898555960039
Chennai,Q3-2010,5400.0,4721.528414139268
Chennai,Q4-2010,6843.0,6289.724174747502
Chennai,Q1-2011,7438.0,7193.3885942364905
Chennai,Q2-2011,7560.0,7245.471901929328
Chennai,Q3-2011,6442.0,6972.941235403958
Chennai,Q4-2011,6312.0,6105.536266374123
Chennai,Q1-2012,7341.0,6702.911170021409
Chennai,Q2-2012,6927.0,6753.3005572674665
Chennai,Q3-2012,6641.0,6978.660364510772
Chennai,Q4-2012,7953.0,7338.807999845632
Chennai,Q1-2013,7749.0,7615.580400783091
Chennai,Q2-2013,6643.0,7195.4401313121025
Chennai,Q3-2013,5670.0,6168.153368052687
Chennai,Q4-2013,5375.0,5395.924545700126
Chennai,Q1-2014,5431.0,5455.075174829607
Chennai,Q2-2014,4989.0,5062.983534368552
Chennai,Q3-2014,5067.0,5008.11992631164
Chennai,Q4-2014,5051.0,5096.3099553450575
Chennai,Q1-2015,4833.0,4838.993570522564
Chennai,Q2-2015,4638.0,4739.634293133504
Chennai,Q3-2015,4575.0,4584.203179494204
Chennai,Q4-2015,2954.0,3143.186536686547
Chennai,Q1-2016,3781.0,3533.516186517636
Chennai,Q2-2016,4294.0,4007.91344384426
Chennai,Q3-2016,4131.0,3946.858062249412
Chennai,Q4-2016,3538.0,3795.507236286007
Chennai,Q1-2017,3524.0,3753.4653299610136
Chennai,Q2-2017,3082.0,3205.7602995687953
Chennai,Q3-2017,2861.0,3107.841555046511
Chennai,Q4-2017,2900.0,3310.8104163010794
Chennai,Q1-2018,3634.0,3587.518462042473
Chennai,Q2-2018,4067.0,3986.038465109589
Chennai,Q3-2018,4384.0,4319.673081200187
Chennai,Q4-2018,4387.0,4341.020029972266
Chennai,Q1-2019,4380.0,4347.919502666139
Chennai,Q2-2019,4042.0,4085.366180442553
Chennai,Q3-2019,3801.0,3946.858062249412
Chennai,Q4-2019,4088.0,3981.3496140520547
Chennai,Q1-2020,3884.0,3940.3717039968365
Chennai,Q2-2020,1286.0,1459.2153687517366
Chennai,Q3-2020,2937.0,3078.307791544412
Chennai,Q4-2020,4503.0,4316.780285746571
Chennai,Q1-2021,4869.0,4594.333027323018
Chennai,Q2-2021,2594.0,3019.9049510843683
Chennai,Q3-2021,4071.0,4072.6385605289897
Chennai,Q4-2021,4434.0,4261.041875766396
Chennai,Q1-2022,4085.0,4290.332923067832
Chennai,Q2-2022,4079.0,3954.5275025841433
Chennai,Q3-2022,4317.0,4247.508046889564
Chennai,Q4-2022,4922.0,4538.835577796676
Chennai,Q1-2023,6009.0,5700.543001264164
Chennai,Q2-2023,5213.0,5377.089752425578
Chennai,Q3-2023,5721.0,5467.874499600221
Chennai,Q4-2023,4636.0,5110.2096108708565
Chennai,Q1-2024,4834.0,4952.897420550173
Chennai,Q2-2024,4953.0,4745.421307727258
Chennai,Q3-2024,4734.0,4681.488633528811
Chennai,Q4-2024,4696.0,4816.974855638149
Chennai,Q1-2025,4977.0,4858.771287826627
Chennai,Q2-2025,5487.0,5322.590415868527
Chennai,Q3-2025,5657.0,5369.554748811465
Chennai,Q4-2025,4724.0,5173.323141001482
Hyderabad,Q1-2008,6682.0,
Hyderabad,Q2-2008,5610.0,
Hyderabad,Q3-2008,4904.0,
Hyderabad,Q4-2008,3003.0,
Hyderabad,Q1-2009,2952.0,3035.1766203339353
Hyderabad,Q2-2009,3856.0,3477.114263079841
Hyderabad,Q3-2009,3896.0,3708.1581469446196
Hyderabad,Q4-2009,3704.0,3834.4509452849816
Hyderabad,Q1-2010,3833.0,3971.653811176846
Hyderabad,Q2-2010,3503.0,3544.400049349688
Hyderabad,Q3-2010,3466.0,3547.6871151751407
Hyderabad,Q4-2010,4905.0,4361.520445262781
Hyderabad,Q1-2011,5358.0,5146.470225298033
Hyderabad,Q2-2011,5484.0,5197.350771202504
Hyderabad,Q3-2011,3804.0,4478.802966670537
Hyderabad,Q4-2011,4021.0,4158.785063745793
Hyderabad,Q1-2012,4973.0,4700.058918279688
Hyderabad,Q2-2012,5177.0,4963.510140938929
Hyderabad,Q3-2012,5368.0,5551.053512370079
Hyderabad,Q4-2012,5671.0,5581.66643939616
Hyderabad,Q1-2013,6145.0,5913.2101809190335
Hyderabad,Q2-2013,5367.0,5471.355390871832
Hyderabad,Q3-2013,5180.0,5066.42564244593
Hyderabad,Q4-2013,5359.0,5138.967505207869
Hyderabad,Q1-2014,5240.0,5208.145391041587
Hyderabad,Q2-2014,4925.0,5076.151999884993
Hyderabad,Q3-2014,4566.0,4790.875677546538
Hyderabad,Q4-2014,4432.0,4365.501179383143
Hyderabad,Q1-2015,4667.0,4545.569584025546
Hyderabad,Q2-2015,5068.0,4810.894266831301
Hyderabad,Q3-2015,5195.0,5319.349112375676
Hyderabad,Q4-2015,5293.0,5346.713869770223
Hyderabad,Q1-2016,6545.0,5748.326100610248
Hyderabad,Q2-2016,6155.0,6567.318857133777
Hyderabad,Q3-2016,5735.0,6150.204153242573
Hyderabad,Q4-2016,4685.0,4820.700648298177
Hyderabad,Q1-2017,5756.0,5286.9753866859155
Hyderabad,Q2-2017,6703.0,5816.937564345384
Hyderabad,Q3-2017,6626.0,6612.054249319621
Hyderabad,Q4-2017,6525.0,7010.173934273494
Hyderabad,Q1-2018,7052.0,6972.941829651405
Hyderabad,Q2-2018,7129.0,7216.82783299057
Hyderabad,Q3-2018,7195.0,7237.125017259505
Hyderabad,Q4-2018,7620.0,7548.155761046768
Hyderabad,Q1-2019,7754.0,7616.326945765064
Hyderabad,Q2-2019,7384.0,7688.440857515417
Hyderabad,Q3-2019,7961.0,7750.236899763429
Hyderabad,Q4-2019,8819.0,8879.446971134354
Hyderabad,Q1-2020,9652.0,9912.353413487313
Hyderabad,Q2-2020,3205.0,3551.2858752742677
Hyderabad,Q3-2020,6852.0,5931.819329863951
Hyderabad,Q4-2020,10264.0,9667.22444146011
Hyderabad,Q1-2021,12649.0,11798.607295139365
Hyderabad,Q2-2021,9336.0,8919.21621407086
Hyderabad,Q3-2021,11629.0,10681.483316521739
Hyderabad,Q4-2021,14386.0,14534.108371264452
Hyderabad,Q1-2022,16513.0,16532.599580517737
Hyderabad,Q2-2022,16014.0,15338.005054751073
Hyderabad,Q3-2022,17433.0,16938.53165357293
Hyderabad,Q4-2022,18435.0,18488.597362717795
Hyderabad,Q1-2023,19053.0,18536.31690828408
Hyderabad,Q2-2023,18179.0,17933.84261303464
Hyderabad,Q3-2023,20212.0,20647.377717250907
Hyderabad,Q4-2023,23427.0,23448.410011165837
Hyderabad,Q1-2024,20710.0,21941.25324957018
Hyderabad,Q2-2024,14692.0,15542.47521257105
Hyderabad,Q3-2024,12298.0,12730.050442081183
Hyderabad,Q4-2024,13566.0,13584.814587297067
Hyderabad,Q1-2025,13852.0,14038.042322768162
Hyderabad,Q2-2025,12431.0,12722.51586061841
Hyderabad,Q3-2025,13018.0,12694.106053847503
Hyderabad,Q4-2025,11750.0,12222.816647201185
Kolkata,Q1-2008,4045.0,
Kolkata,Q2-2008,3578.0,
Kolkata,Q3-2008,2739.0,
Kolkata,Q4-2008,1868.0,
Kolkata,Q1-2009,2027.0,2344.6111029576377
Kolkata,Q2-2009,2285.0,2340.284026031982
Kolkata,Q3-2009,2068.0,2676.968494634422
Kolkata,Q4-2009,2081.0,2576.408395324204
Kolkata,Q1-2010,2659.0,2966.399614724516
Kolkata,Q2-2010,3029.0,3268.9008210632364
Kolkata,Q3-2010,3206.0,3538.7180079597624
Kolkata,Q4-2010,3540.0,3571.11536913124
Kolkata,Q1-2011,4153.0,4036.2761544195205
Kolkata,Q2-2011,3555.0,3849.141230541744
Kolkata,Q3-2011,3212.0,3499.3575394376367
Kolkata,Q4-2011,3516.0,3534.2630759751937
Kolkata,Q1-2012,3637.0,3755.3832053653573
Kolkata,Q2-2012,3893.0,3790.832462319123
Kolkata,Q3-2012,3502.0,3730.1052289567338
Kolkata,Q4-2012,3688.0,3609.100788902945
Kolkata,Q1-2013,4089.0,4061.5454080854697
Kolkata,Q2-2013,3692.0,3731.0224210879933
Kolkata,Q3-2013,3319.0,3561.1302030735274
Kolkata,Q4-2013,3333.0,3481.413497313784
Kolkata,Q1-2014,3157.0,3202.1915920216074
Kolkata,Q2-2014,2914.0,3150.1957595230883
Kolkata,Q3-2014,3194.0,3487.2167836018157
Kolkata,Q4-2014,3296.0,3580.8891731625476
Kolkata,Q1-2015,3679.0,3776.702098541702
Kolkata,Q2-2015,4117.0,3968.2917711929135
Kolkata,Q3-2015,3876.0,3921.334198320776
Kolkata,Q4-2015,3778.0,3953.5262501521597
Kolkata,Q1-2016,3848.0,3776.541678523456
Kolkata,Q2-2016,4317.0,4006.67311386781
Kolkata,Q3-2016,3700.0,3798.5571036927086
Kolkata,Q4-2016,2405.0,2440.8482527363735
Kolkata,Q1-2017,2635.0,2646.1547778569893
Kolkata,Q2-2017,2820.0,2781.3561178325435
Kolkata,Q3-2017,2868.0,2914.260613202761
Kolkata,Q4-2017,3002.0,3319.809831714299
Kolkata,Q1-2018,3442.0,3622.968233326809
Kolkata,Q2-2018,3374.0,3580.862446457702
Kolkata,Q3-2018,3815.0,3961.4118079230293
Kolkata,Q4-2018,4096.0,4028.939373433174
Kolkata,Q1-2019,3834.0,4036.383482073009
Kolkata,Q2-2019,4123.0,3972.923031458281
Kolkata,Q3-2019,3757.0,3942.383240410929
Kolkata,Q4-2019,4910.0,4360.635592622621
Kolkata,Q1-2020,4387.0,4599.911852632
Kolkata,Q2-2020,1294.0,1620.214448847747
Kolkata,Q3-2020,2460.0,2632.4714629172486
Kolkata,Q4-2020,3520.0,3433.172349640732
Kolkata,Q1-2021,3793.0,3909.232975487223
Kolkata,Q2-2021,2172.0,2467.3445881187668
Kolkata,Q3-2021,3715.0,3678.686801477508
Kolkata,Q4-2021,4244.0,4098.059812227976
Kolkata,Q1-2022,4364.0,4243.086489461586
Kolkata,Q2-2022,3372.0,3613.386289100231
Kolkata,Q3-2022,3820.0,3891.273452531463
Kolkata,Q4-2022,4253.0,4104.684445349095
Kolkata,Q1-2023,4271.0,4153.8948333556555
Kolkata,Q2-2023,3869.0,4149.10938944837
Kolkata,Q3-2023,4314.0,4168.812848842704
Kolkata,Q4-2023,4835.0,4431.965659354053
Kolkata,Q1-2024,5070.0,5097.813900568967
Kolkata,Q2-2024,4090.0,4669.588749220906
Kolkata,Q3-2024,3585.0,4069.4620645790474
Kolkata,Q4-2024,4009.0,4117.54772531076
Kolkata,Q1-2025,4136.0,3905.4054695887116
Kolkata,Q2-2025,3942.0,4014.17977812222
Kolkata,Q3-2025,4629.0,4453.759423871705
Kolkata,Q4-2025,4157.0,4209.032637401092
MMR,Q1-2008,17611.0,
MMR,Q2-2008,14059.0,
MMR,Q3-2008,10835.0,
MMR,Q4-2008,8911.0,
MMR,Q1-2009,13734.0,12993.538977713612
MMR,Q2-2009,15408.0,15142.683104150996
MMR,Q3-2009,13848.0,14755.250955574891
MMR,Q4-2009,17275.0,16909.307692077666
MMR,Q1-2010,21552.0,21487.16758698929
MMR,Q2-2010,24942.0,24732.20291326319
MMR,Q3-2010,25475.0,25951.066762590337
MMR,Q4-2010,31829.0,31014.438796881146
MMR,Q1-2011,27353.0,27203.660874578876
MMR,Q2-2011,23859.0,24191.124161175136
MMR,Q3-2011,21443.0,21441.703990290775
MMR,Q4-2011,20671.0,19810.061736438493
MMR,Q1-2012,22234.0,21757.848863397616
MMR,Q2-2012,22194.0,22801.82011401398
MMR,Q3-2012,21303.0,21639.789842721704
MMR,Q4-2012,23380.0,23271.16283661498
MMR,Q1-2013,24410.0,24048.160325068413
MMR,Q2-2013,21420.0,21803.26190594587
MMR,Q3-2013,19460.0,19891.82068757174
MMR,Q4-2013,20417.0,20297.59765268414
MMR,Q1-2014,20733.0,20775.444043601845
MMR,Q2-2014,19519.0,19725.090448923867
MMR,Q3-2014,19403.0,19007.426580982443
MMR,Q4-2014,22452.0,21500.560185167953
MMR,Q1-2015,23398.0,23334.95441243304
MMR,Q2-2015,22675.0,22683.58463590981
MMR,Q3-2015,21746.0,22173.295556819736
MMR,Q4-2015,24345.0,24123.560887959204
MMR,Q1-2016,23721.0,23774.020877629602
MMR,Q2-2016,24308.0,24046.65919818341
MMR,Q3-2016,23568.0,23671.902690225477
MMR,Q4-2016,18015.0,18205.87726996771
MMR,Q1-2017,20345.0,20471.808747017254
MMR,Q2-2017,20539.0,20613.310843300722
MMR,Q3-2017,23550.0,23136.788197057762
MMR,Q4-2017,23315.0,23254.324148115054
MMR,Q1-2018,23612.0,23237.037687407454
MMR,Q2-2018,23499.0,23925.764590048206
MMR,Q3-2018,26046.0,25575.331871633778
MMR,Q4-2018,29957.0,29466.68116499094
MMR,Q1-2019,28239.0,26972.551128168656
MMR,Q2-2019,26896.0,26958.38696719322
MMR,Q3-2019,25687.0,26145.897268265842
MMR,Q4-2019,29240.0,29194.044251167234
MMR,Q1-2020,32606.0,32185.061930623622
MMR,Q2-2020,11866.0,12506.558930936691
MMR,Q3-2020,23066.0,22109.65423200574
MMR,Q4-2020,36366.0,34900.480950307676
MMR,Q1-2021,36596.0,36089.065739542275
MMR,Q2-2021,20586.0,20178.763427498423
MMR,Q3-2021,29334.0,28510.248570113872
MMR,Q4-2021,36048.0,36133.80733301336
MMR,Q1-2022,39494.0,39841.16050370755
MMR,Q2-2022,39527.0,39002.13016313808
MMR,Q3-2022,40182.0,39932.522861498626
MMR,Q4-2022,42103.0,42667.36350272464
MMR,Q1-2023,44677.0,44134.513287868125
MMR,Q2-2023,40159.0,39974.68460652092
MMR,Q3-2023,40822.0,40795.29218377564
MMR,Q4-2023,46713.0,46415.06755902226
MMR,Q1-2024,50316.0,48546.16984105316
MMR,Q2-2024,42208.0,41711.99706438063
MMR,Q3-2024,38943.0,38834.117163175375
MMR,Q4-2024,42762.0,41974.2397636694
MMR,Q1-2025,40068.0,39722.12043858841
MMR,Q2-2025,33534.0,33768.82288735686
MMR,Q3-2025,34007.0,33985.84037608043
MMR,Q4-2025,36193.0,35949.801262742134
NCR,Q1-2008,12104.0,
NCR,Q2-2008,10320.0,
NCR,Q3-2008,8208.0,
NCR,Q4-2008,4785.0,
NCR,Q1-2009,7748.0,7170.247635672401
NCR,Q2-2009,19052.0,18367.421788289026
NCR,Q3-2009,20046.0,19342.509637903568
NCR,Q4-2009,15994.0,15430.277618916765
NCR,Q1-2010,21107.0,19583.368145614226
NCR,Q2-2010,32296.0,30680.37567231378
NCR,Q3-2010,29860.0,29164.18777566303
NCR,Q4-2010,29725.0,29102.734714940365
NCR,Q1-2011,25480.0,26058.13743321746
NCR,Q2-2011,20893.0,20847.165290196812
NCR,Q3-2011,18355.0,18688.863053306166
NCR,Q4-2011,16130.0,16463.973022813487
NCR,Q1-2012,15263.0,14914.350514463964
NCR,Q2-2012,14548.0,14425.519848953756
NCR,Q3-2012,15925.0,16358.814584812188
NCR,Q4-2012,17300.0,16857.933533999218
NCR,Q1-2013,14669.0,15299.386370379509
NCR,Q2-2013,16342.0,16645.154872536466
NCR,Q3-2013,12939.0,13387.711757457164
NCR,Q4-2013,11331.0,11568.938122922815
NCR,Q1-2014,10087.0,10214.022623041466
NCR,Q2-2014,8874.0,9759.796107958957
NCR,Q3-2014,9355.0,9169.551087952037
NCR,Q4-2014,9069.0,9113.524361283344
NCR,Q1-2015,9927.0,9914.830117984608
NCR,Q2-2015,9804.0,9858.724030966183
NCR,Q3-2015,9412.0,9472.932903871584
NCR,Q4-2015,9386.0,9710.590863532558
NCR,Q1-2016,10012.0,9772.461143590088
NCR,Q2-2016,8972.0,9119.222495291939
NCR,Q3-2016,8177.0,8669.492370797516
NCR,Q4-2016,6478.0,7073.609024493829
NCR,Q1-2017,5761.0,5845.431956466788
NCR,Q2-2017,6343.0,5769.617888690557
NCR,Q3-2017,6800.0,6472.433289993834
NCR,Q4-2017,6161.0,6291.1444758993775
NCR,Q1-2018,6541.0,6500.001378228882
NCR,Q2-2018,9102.0,7650.964888156903
NCR,Q3-2018,8408.0,8038.567051234632
NCR,Q4-2018,9011.0,9105.902476421623
NCR,Q1-2019,8005.0,8494.359012744495
NCR,Q2-2019,7244.0,7739.460869083022
NCR,Q3-2019,6604.0,7040.87515373366
NCR,Q4-2019,7603.0,7399.691334162707
NCR,Q1-2020,6005.0,6439.2832834354585
NCR,Q2-2020,2537.0,2684.0739964529075
NCR,Q3-2020,4944.0,4850.254379711505
NCR,Q4-2020,6410.0,5811.270846612193
NCR,Q1-2021,6723.0,6385.7651553283495
NCR,Q2-2021,4597.0,4960.7546061864705
NCR,Q3-2021,7548.0,6163.182278741304
NCR,Q4-2021,9302.0,8538.556815313854
NCR,Q1-2022,8753.0,8377.284196915194
NCR,Q2-2022,7536.0,8090.014932221248
NCR,Q3-2022,8791.0,8414.629210913947
NCR,Q4-2022,10685.0,10216.75779662888
NCR,Q1-2023,12635.0,12130.04827924919
NCR,Q2-2023,9959.0,10634.627029893401
NCR,Q3-2023,8618.0,9648.468604807602
NCR,Q4-2023,10498.0,10498.66408936574
NCR,Q1-2024,10258.0,10013.695977887171
NCR,Q2-2024,10065.0,9856.682814088204
NCR,Q3-2024,10450.0,10842.27857842945
NCR,Q4-2024,11954.0,11714.162817413357
NCR,Q1-2025,10789.0,11325.812789121475
NCR,Q2-2025,13990.0,13469.668288589559
NCR,Q3-2025,10215.0,11420.906422202717
NCR,Q4-2025,11932.0,11083.269473558592
Pune,Q1-2008,12296.000000000002,
Pune,Q2-2008,11448.000000000004,
Pune,Q3-2008,7889.000000000004,
Pune,Q4-2008,4878.000000000004,
Pune,Q1-2009,7302.000000000001,7215.560032471595
Pune,Q2-2009,10385.0,10228.776554753062
Pune,Q3-2009,9065.000000000004,9495.940210596664
Pune,Q4-2009,9289.0,9255.612333062474
Pune,Q1-2010,9982.999999999998,9353.257208166453
Pune,Q2-2010,11542.000000000004,11424.939267255806
Pune,Q3-2010,12273.999999999996,12812.26002363035
Pune,Q4-2010,13564.0,13552.35744906439
Pune,Q1-2011,14597.999999999998,14557.692416559707
Pune,Q2-2011,13521.000000000004,13898.445963377882
Pune,Q3-2011,11463.00000000001,12083.89121144191
Pune,Q4-2011,12438.000000000004,12125.308620834045
Pune,Q1-2012,13446.000000000004,12899.78394153269
Pune,Q2-2012,13023.000000000004,12747.424491905678
Pune,Q3-2012,15505.00000000001,14731.30108027847
Pune,Q4-2012,12881.000000000007,13395.660109679748
Pune,Q1-2013,13629.000000000002,13155.972207915911
Pune,Q2-2013,12574.000000000004,12741.021901647078
Pune,Q3-2013,11947.000000000007,11516.512348054588
Pune,Q4-2013,12755.999999999996,12739.892204239683
Pune,Q1-2014,12192.000000000004,11959.25179095591
Pune,Q2-2014,12592.999999999996,12463.895639876107
Pune,Q3-2014,12433.000000000004,12540.059396037988
Pune,Q4-2014,13689.999999999993,13211.8433805673
Pune,Q1-2015,15152.999999999998,14859.244295971142
Pune,Q2-2015,14497.000000000002,14109.991161741094
Pune,Q3-2015,13420.999999999998,13309.852057310605
Pune,Q4-2015,13962.999999999998,13660.87768811327
Pune,Q1-2016,14079.999999999987,13395.206908982842
Pune,Q2-2016,13834.999999999998,13145.831654654377
Pune,Q3-2016,13465.999999999987,13661.882157476814
Pune,Q4-2016,11306.999999999993,11906.238148294527
Pune,Q1-2017,11366.999999999996,11050.537699630187
Pune,Q2-2017,12694.999999999993,12189.125773696325
Pune,Q3-2017,13359.999999999996,12716.949583629035
Pune,Q4-2017,13825.000000000004,13684.666967339457
Pune,Q1-2018,13983.00000000001,14364.414326111635
Pune,Q2-2018,15822.99999999999,15229.123793672337
Pune,Q3-2018,16427.0,15783.477086843215
Pune,Q4-2018,18330.0,18072.08096926215
Pune,Q1-2019,19779.000000000004,18631.35369632537
Pune,Q2-2019,18097.0,18072.09376699109
Pune,Q3-2019,17677.0,18034.060656992657
Pune,Q4-2019,21275.999999999996,20887.031645418938
Pune,Q1-2020,19682.0,20182.548284933277
Pune,Q2-2020,7225.999999999993,8044.083673601275
Pune,Q3-2020,14140.000000000013,13985.316443292042
Pune,Q4-2020,23801.000000000007,23142.61883111306
Pune,Q1-2021,23719.000000000007,23393.061085775767
Pune,Q2-2021,11312.0,13739.700335780257
Pune,Q3-2021,19151.0,19386.556928736252
Pune,Q4-2021,24382.000000000004,23925.549325878535
Pune,Q1-2022,25921.000000000004,25523.226985788275
Pune,Q2-2022,22107.000000000004,21585.343888319712
Pune,Q3-2022,22772.0,23635.98651897193
Pune,Q4-2022,26137.0,25334.25513345959
Pune,Q1-2023,27894.999999999996,27717.12665810337
Pune,Q2-2023,26325.0,24801.375263615293
Pune,Q3-2023,25636.000000000004,26531.46241251215
Pune,Q4-2023,26500.0,26555.675430953434
Pune,Q1-2024,26267.000000000007,25405.062562137125
Pune,Q2-2024,24217.0,22977.90674126975
Pune,Q3-2024,21751.000000000007,21737.569359391156
Pune,Q4-2024,23155.0,22342.10800458024
Pune,Q1-2025,21273.0,20875.62367236497
Pune,Q2-2025,19049.000000000004,18567.896413932245
Pune,Q3-2025,19025.0,19464.99356423361
Pune,Q4-2025,16786.999999999993,17000.72931076895
